job_id,workload_name,profile,submission_time,requested_number_of_resources,requested_time,success,final_state,starting_time,execution_time,finish_time,waiting_time,turnaround_time,stretch,allocated_resources,consumed_energy,metadata
0,w0,w0!delay10,0.000000,1,100.000000,1,COMPLETED_SUCCESSFULLY,0.002400,10.000000,10.002400,0.002400,10.002400,1.000240,0,-1.000000,
1,w0,w0!delay10,3.000000,1,100.000000,1,COMPLETED_SUCCESSFULLY,3.001800,10.000000,13.001800,0.001800,10.001800,1.000180,1,-1.000000,
2,w0,w0!delay10,6.000000,1,100.000000,1,COMPLETED_SUCCESSFULLY,6.001800,10.000000,16.001800,0.001800,10.001800,1.000180,2,-1.000000,
3,w0,w0!delay10,9.000000,1,100.000000,1,COMPLETED_SUCCESSFULLY,9.001800,10.000000,19.001800,0.001800,10.001800,1.000180,3,-1.000000,
4,w0,w0!delay10,12.000000,1,100.000000,1,COMPLETED_SUCCESSFULLY,12.001800,10.000000,22.001800,0.001800,10.001800,1.000180,0,-1.000000,
5,w0,w0!delay10,15.000000,1,100.000000,1,COMPLETED_SUCCESSFULLY,15.001800,10.000000,25.001800,0.001800,10.001800,1.000180,1,-1.000000,
6,w0,w0!delay10,18.000000,1,100.000000,1,COMPLETED_SUCCESSFULLY,18.001800,10.000000,28.001800,0.001800,10.001800,1.000180,2,-1.000000,
7,w0,w0!delay10,21.000000,1,100.000000,1,COMPLETED_SUCCESSFULLY,21.001800,10.000000,31.001800,0.001800,10.001800,1.000180,3,-1.000000,
8,w0,w0!delay10,24.000000,1,100.000000,1,COMPLETED_SUCCESSFULLY,24.001800,10.000000,34.001800,0.001800,10.001800,1.000180,0,-1.000000,
9,w0,w0!delay10,27.000000,1,100.000000,1,COMPLETED_SUCCESSFULLY,27.002400,10.000000,37.002400,0.002400,10.002400,1.000240,1,-1.000000,
